Registration ID,Timestamp,Track / Category,Registered Events,Team Leader Name,Leader Email,Leader Mobile,College Name,Department,Year,Team Size,Member 2 Details,Member 3 Details,Member 4 Details,Total Fee (INR),Payment Method,Payment Status,Payment Ref / UTR,Payment Proof / Link,Attendance Status,Last Updated
EV26-3SYYEH,"18/9/2026, 11:07:09 am",Technical Symposium (Team of 2),"TRACKTRON, DETECTIVE 404",Vidhya Dharan,j7764138@gmail.com,8122348607,Mahendra engineering college,Mct,3rd,2,Sridhar (7397633994),N/A,N/A,500,UPI,PAID,129796742444,N/A,Absent,"30/9/2026, 5:21:44 pm"
EV26-CP9RJY,"22/9/2026, 7:46:16 pm",Technical Symposium (Team of 3),TECHPAPER,Kaviya B,kaviyakaviya7725@gmail.com,6381077725,Vivekananda College of engineering for women,IT,II nd year,3,G.Ranjani (8072526663),S.Jayasri (88071 54036),N/A,750,UPI,PAID,400334800014,N/A,Absent,"30/9/2026, 5:21:06 pm"
EV26-EQY8G8,"23/9/2026, 9:47:24 pm",Technical Symposium (Team of 4),"TECHPAPER, MIND MAZE",J Megana,meganajaganathan@gmail.com,97896 98509,Nandha Engineering college,Electronics and Communication Engineering,ll year,4,Gaayathiri S (8778920975),Abi P (89250 95082),Amirtha varshini.V (63819 09597),1000,UPI,PAID,663201553746,N/A,Absent,"30/9/2026, 5:20:44 pm"
EV26-LAFHGB,"23/9/2026, 9:55:55 pm",Technical Symposium (Team of 3),"TECHPAPER, MIND MAZE",Jenifer K,j08422337@gmail.com,8778237049,Nandha engineering college,ECE,II year,3,Geethavarshini K (93608 68525),Sri Bhuvana S (8778268822),N/A,750,UPI,PAID,geethakaruppasamy24@okhdfcbank,N/A,Absent,"30/9/2026, 5:20:35 pm"
EV26-749DXQ,"23/9/2026, 11:28:41 pm",Technical Symposium (Team of 4),TRACKTRON,VADIVELMUTHU A L,vadivelmuthu777_bec29@mepcoeng.ac.in,7339344645,MEPCO SCHLENK ENGINEERING COLLEGE,ECE,II,4,SRIRAM T (9344363198),ALANGARAM K (9342494538),RYAN JASON (7550149262),1000,UPI,PAID,kathirdk62@oksbi,N/A,Absent,"30/9/2026, 5:20:31 pm"
EV26-9A8C9T,"24/9/2026, 5:16:41 pm",Technical Symposium (Team of 4),TECHPAPER,K.Rajathi,25aiml083@vcew.ac.in,9003971311,Vivekanandha College of Engineering for Women,AI&ML,II Year,4,M.Prinitha (8807077266),P.Nethra (8428982377),V.Vinotha (9087077843),1000,UPI,PAID,663313899405,N/A,Absent,"30/9/2026, 5:20:20 pm"
EV26-QHCGSJ,"24/9/2026, 5:43:07 pm",Technical Symposium (Team of 3),"TRACKTRON, MIND MAZE",AKSHAYA S M,akshayasm.25eee@kongu.edu,6385320769,KONGU ENGINEERING COLLEGE,EEE,II year,3,DEEPAK K (96880 06911),KATHIRVEL S (91509 25100),N/A,750,UPI,PAID,663360798783,N/A,Absent,"30/9/2026, 5:20:17 pm"
EV26-MAD6UV,"25/9/2026, 3:10:34 pm",Technical Symposium (Team of 2),TRACKTRON,Aathish Raja RV,rajaaathish07@gmail.com,9751536877,RVS institution of technology,BE. MECHANICAL,2nd,2,Mano bala k (6383906838),N/A,N/A,500,UPI,PAID,130209073862,https://drive.google.com/file/d/1ck_qwjzZ0jUYXzNWnE3WSWVQeOCb1miX/view?usp=drivesdk,Absent,"30/9/2026, 5:19:45 pm"
EV26-Q86N2M,"25/9/2026, 3:53:02 pm",Workshop (Individual),Virtual Instrumentation,M. SANJAY RAJ,rajsanjay197383@gmail.com,8754449964,MAHENDRA ENGINEERING COLLEGE,MECHANICAL,ll - YEAR,1,N/A,N/A,N/A,300,UPI,PAID,8754449964@upi,https://drive.google.com/file/d/1nBfcgQmxOy3Lv726_6fvhd2AwuwXlqW2/view?usp=drivesdk,Absent,"30/9/2026, 5:19:07 pm"
EV26-GVGACS,"25/9/2026, 4:04:51 pm",Workshop (Individual),Virtual Instrumentation,B.S.RANJITH KUMAR,ranjithkumarsumathi1946@gmail.com,9003229274,Mahendra Engineering college,Mechanical engineering,2 year,1,N/A,N/A,N/A,300,UPI,PAID,ranjithkumarsumathi1946@okicici,https://drive.google.com/file/d/1dIZ7maplWaDxem_TxlOPwfCzGJfTEu0S/view?usp=drivesdk,Absent,"30/9/2026, 5:18:51 pm"
EV26-AAJEJL,"25/9/2026, 6:52:39 pm",Workshop (Individual),Embedded System,ROHAN,rohanchandran777@gmail.com,8778188664,Perunthalaivar kamarajar institute of engineering and technology,ECE,IV year,1,N/A,N/A,N/A,300,UPI,PAID,663467504151,https://drive.google.com/file/d/1fknhBesYx4njw4OPaXemo-Gy57rUAagb/view?usp=drivesdk,Absent,"30/9/2026, 5:13:10 pm"
EV26-BDLJRR,"25/9/2026, 6:54:23 pm",Technical Symposium (Team of 3),"TECHPAPER, PROMPTIFY",Anusri Kumar,anusrikumarak07@gmail.com,8072116326,Vivekananda,,,3,J.R. divya dharshini (7200818761),K.priya varshini (9842769107),N/A,750,UPI,PAID,anusrikumarak2007@oksbi,https://drive.google.com/file/d/1bVTEHknogztaXF2YW4mKdc-h9c7Hpimp/view?usp=drivesdk,Absent,"30/9/2026, 5:12:40 pm"
EV26-ZREEM7,"25/9/2026, 7:16:25 pm",Workshop (Individual),"Embedded System",Dharani,dharaniezhilarasi536@gmail.com,7418547899,Dhanalakshmi Srinivasan university prembalur,Cse,II year,1,N/A,N/A,N/A,300,UPI,PAID,dharaniezhilarasi536@okhdfcbank,https://drive.google.com/file/d/1LEFttVoOVGlnxKbDb6XGy-c0WWeGavJx/view?usp=drivesdk,Absent,"25/9/2026, 7:51:58 pm"
EV26-EU7TGS,"25/9/2026, 7:32:13 pm",Workshop (Individual),"Embedded System",Sameera,Sameera.j.sara@gmail.com,6380778732,Dhanalakshmi Srinivasan university,AIDS,II year,1,N/A,N/A,N/A,300,UPI,PAID,sameera.j1908@okaxis,https://drive.google.com/file/d/1vZq_yWuFA8Bqks_rR_mSOywF0Zk1LI6z/view?usp=drivesdk,Absent,"25/9/2026, 7:51:52 pm"
EV26-J8Y2WA,"25/9/2026, 8:03:50 pm",Workshop (Individual),Embedded System,Sameera. I,3060samee@gmail.com,8248137186,Dhanalakshmi srinivasan,Cse with iot,II year,1,N/A,N/A,N/A,300,UPI,PAID,6383109049,https://drive.google.com/file/d/17bvTirMLieVeY_4peeqba6tfAV_YZ3wk/view?usp=drivesdk,Absent,"25/9/2026, 8:11:35 pm"
EV26-NJM2RL,"25/9/2026, 8:17:08 pm",Workshop (Individual),Embedded System,VIGNESH.B,vigneshvicky27022006@gmail.com,7904190641,PKIET,ECE,Final year,1,N/A,N/A,N/A,300,UPI,PAID,663469420924,https://drive.google.com/file/d/1Kzm-rPXJ8s92cOHcB-b3rrLdWsHVqxVn/view?usp=drivesdk,Absent,"25/9/2026, 8:20:33 pm"
EV26-WUNPRL,"25/9/2026, 8:30:52 pm",Workshop (Individual),Embedded System,VIGNESH.M,moonlightvignesh@gmail.com,9385494540,PKIET,ECE,Final year,1,N/A,N/A,N/A,300,UPI,PAID,663471726553,https://drive.google.com/file/d/1L1hMtwPDrQXWGWfdGm87QENGqSrDuQdP/view?usp=drivesdk,Absent,"25/9/2026, 8:33:41 pm"
EV26-LBP38F,"25/9/2026, 8:50:27 pm",Workshop (Individual),Embedded System,YOGESHWARAN.S,jegayoga1983@gmail.com,9442994802,PKIET,ECE,Final year,1,N/A,N/A,N/A,300,UPI,PAID,663433312360,https://drive.google.com/file/d/1Yp7OylBwUNp5yZJP1IrdLs9OiSeVOscs/view?usp=drivesdk,Absent,"25/9/2026, 8:51:52 pm"
EV26-6L7NUH,"25/9/2026, 8:52:17 pm",Technical Symposium (Team of 4),"TRACKTRON, DETECTIVE 404",GAPILARASU S,mahagapil_bec29@mepcoeng.ac.in,8110043117,MEPCO SCHLENK ENGINEERING COLLEGE ,ECE,II,4,MAATHAV N (7418634965),G VISHNU VARTHAN (6374113026),NAVADEEP M (7418457768),1000,UPI,PAID,204847158693,https://drive.google.com/file/d/1SQZ6_Ket383BnrtcaEvIxsoDLivieshi/view?usp=drivesdk,Absent,"25/9/2026, 8:59:35 pm"
EV26-AXGLQ9,"25/9/2026, 8:57:50 pm",Workshop (Individual),Embedded System,V.Priyadharshini,priyadharshini.v7143@gmail.com,9080346355,Dhanalakshmi Srinivasan university,Btech CSE with IOT,II nd year,1,N/A,N/A,N/A,300,UPI,PAID,663434915330,https://drive.google.com/file/d/1eqrbqJAnpbS_PB4h3txvQYGF2AToTwxu/view?usp=drivesdk,Absent,"25/9/2026, 9:01:21 pm"
EV26-YNA5Y5,"25/9/2026, 9:02:04 pm",Technical Symposium (Team of 3),TECHPAPER,Indhuja.M,Induhujamuthukumar@gmail.com,+91 90258 82008,"Muthayammal Engineering College, Rasipuram ",ECE,III,3,Kaviya.D (9789117768),Kokila.D (+91 74189 19407),N/A,750,UPI,PAID,9789117768@ptyes,https://drive.google.com/file/d/19rQtMXZH2kBO5036WExyCp2dtJDUoGBH/view?usp=drivesdk,Absent,"25/9/2026, 9:04:59 pm"
EV26-CDAWT8,"25/9/2026, 9:41:02 pm",Workshop (Individual),Embedded System,Nivetha V,nivet4007@gmail.com,+91 80722 97249,Dhanalakshmi Srinivasan university Perambalur,CSE with IOT,2nd year,1,N/A,N/A,N/A,300,UPI,PAID,663424325830,https://drive.google.com/file/d/1qYun_tKRNaYi4ru_ZQT2RRh978Pn2A6A/view?usp=drivesdk,Absent,"25/9/2026, 9:44:08 pm"
EV26-83NG9S,"25/9/2026, 10:01:17 pm",Workshop (Individual),Embedded System,Divya,dhivyadhinesh783@gmail.Com,9655513391,Dhanalakshmi Srinivasan university,Cse,II year,1,N/A,N/A,N/A,300,UPI,PAID,rs.dhinesh4494@okaxis,https://drive.google.com/file/d/1D9rMoD8Q9uFeYleG2GbxE9Li2fFVjEo6/view?usp=drivesdk,Absent,"25/9/2026, 10:06:07 pm"
EV26-ZNHM57,"25/9/2026, 10:08:04 pm",Workshop (Individual),Embedded System,Hema,hjayakumar791@gmail.com,6374411399,Dhanalakshmi Srinivasan university,Ece,II year,1,N/A,N/A,N/A,300,UPI,PAID,hjayakumar791@okicici,https://drive.google.com/file/d/1vqFkoCLK9LkXVOS1ugg5PQNPeceQdg-8/view?usp=drivesdk,Absent,"25/9/2026, 10:16:54 pm"
EV26-FWDRSL,"25/9/2026, 10:09:00 pm",Workshop (Individual),Embedded System,Jeeva S,jeevajeevas2008@gmail.com,6379629737,Dhanalakshmi Srinivasan University perambalur,Computer Science and Engineering,II year,1,N/A,N/A,N/A,300,UPI,PAID,jeevajeevas2008@okhdfcbank,https://drive.google.com/file/d/1KgOPRBLP4miu3vzEBpcOtsrBahlhr-vj/view?usp=drivesdk,Absent,"25/9/2026, 10:13:47 pm"
EV26-5F4JJ9,"25/9/2026, 10:33:25 pm",Workshop (Individual),Embedded System,M.Madhuvarshini,madhuvarshini934@gmail.com,9080274757,"Mahendra Engineering college,Namakkal",Ece,1,1,N/A,N/A,N/A,300,UPI,PAID,663424905691,https://drive.google.com/file/d/1-b3QvYjTsZ3I1uUAPYnD-dqZYM096nr7/view?usp=drivesdk,Absent,"25/9/2026, 10:40:20 pm"
EV26-YJPL55,"25/9/2026, 10:57:25 pm",Technical Symposium (Team of 2),"EVOLVEX, PROMPTIFY",KAVIN KUMAR L,kavinkumarkumar184@gmail.com,7339602973,"Government College Of Engineering, Salem",CSE,2 nd year,2,Iftkhar Anjum (7810039822),N/A,N/A,500,UPI,PAID,200261131722,https://drive.google.com/file/d/1hi33hXDbXIOw5A5ce9OxSCamePrhvS8i/view?usp=drivesdk,Absent,"25/9/2026, 10:58:51 pm"
EV26-5F5A9P,"26/9/2026, 11:29:27 am",Workshop (Individual),Embedded System,Monisha.M,manickammonisha710@gmail.com,9363646981,Paavai Engineering College,BME,||| Year,1,N/A,N/A,N/A,300,UPI,PAID,663554757030,https://drive.google.com/file/d/1tz9nIUBRgqgThnK4Uo8h91vr-aqv0I_3/view?usp=drivesdk,Absent,"26/9/2026, 11:33:37 am"
EV26-PMTKTS,"26/9/2026, 3:26:36 pm",Workshop (Individual),SILICON 2 GDS,Janani Thangaraj,jananithangaraj50@gmail.com,9342587910,PSNA College of engineering and technology ,ECE,III YEAR,1,N/A,N/A,N/A,300,UPI,PAID,663546156128,https://drive.google.com/file/d/1j441xUULHRznSdQXRoDnUi4mtTr0_4Ob/view?usp=drivesdk,Absent,"26/9/2026, 3:27:47 pm"
EV26-WQ3WMY,"26/9/2026, 9:03:45 pm",Technical Symposium (Team of 2),"TECHPAPER, PROMPTIFY",JAGAN M,jaganm637965100812@gmail.com,6379651008,EXCEL ENGINEERING COLLEGE (AUTONOMOUS),AI & DS,III Year,2,ASHMIN D (9489050080),N/A,N/A,500,UPI,PAID,626956100507,https://drive.google.com/file/d/1pQt32U4mGf9Ud-Jty-YJl5S0H52k8H6E/view?usp=drivesdk,Absent,"26/9/2026, 9:13:02 pm"
EV26-JWPA6R,"26/9/2026, 10:58:21 pm",Technical Symposium (Team of 3),TECHPAPER,Mohanraj.S,mohanmohan34077@gmail.com,7094452182,Muthayammal Engineering college,BE/EE-VLSI,III,3,Vinothini.A ( 63799 76983),Harini.M (63818 05099),N/A,750,UPI,PAID,130288013192,https://drive.google.com/file/d/1ebzj6NIRRJYCQHXVSqixZ7BvjyqMdhTD/view?usp=drivesdk,Absent,"26/9/2026, 11:00:02 pm"
EV26-JLDKHL,"27/9/2026, 10:08:25 am",Technical Symposium (Team of 2),"EVOLVEX, DETECTIVE 404",naveena.s,naveenasn194@gmail.com,9345895267,Erode Sengunthar Engineering College,ECE,3year,2,Gokul (9360208931),N/A,N/A,500,UPI,PAID,627006738535,https://drive.google.com/file/d/11XgQh7ya6QYJKf6j21x79sy_TEynHt4U/view?usp=drivesdk,Absent,"27/9/2026, 10:56:01 am"
EV26-HEEQSF,"27/9/2026, 10:21:21 am",Workshop (Individual),Embedded System,SUNDRAVEL,sundaravelmanoj@gmail.com,6385676427,Er.perumal manimekalai college of engineering,ECE,Engineering,1,N/A,N/A,N/A,300,UPI,PAID,876514560765,https://drive.google.com/file/d/14XBztt4caqasZoT2LyfJSR1nQhwm1r1l/view?usp=drivesdk,Absent,"27/9/2026, 11:04:32 am"
EV26-3LVJPX,"27/9/2026, 10:55:27 am",Workshop (Individual),Embedded System,THARANI A,tharania888@gmail.com,9150727805,KNOWLEDGE INSTITUTE OF TECHNOLOGY,,,1,N/A,N/A,N/A,300,UPI,PAID,627084823616,https://drive.google.com/file/d/1DfKKFG02qraRWw6wucYwFgMASpvgZKjt/view?usp=drivesdk,Absent,"27/9/2026, 11:04:20 am"
EV26-HMLM4Z,"27/9/2026, 11:03:04 am",Technical Symposium (Team of 4),TECHPAPER,Aishwarya P,aishw995@gmail.com,	82203 94199,Excel Engineering College – Autonomous,B.Tech (AI&DS),3rd Year	,4,Dhinakaran M (82203 75854),Harini G (93445 23543),Ayisha I (63807 43011	),1000,UPI,PAID,T2609262118250231573704,https://drive.google.com/file/d/1jkDtL3y39ifaSscAuGH9i_6Rm9eH_6KE/view?usp=drivesdk,Absent,"27/9/2026, 11:04:08 am"
EV26-RSWAYX,"27/9/2026, 11:30:05 am",Workshop (Individual),Embedded System,THARIKA A,tharikatharani90@gmail.com,8807527805,MUTHAYAMMAL COLLEGE OF ARTS AND SCIENCE,,,1,N/A,N/A,N/A,300,UPI,PAID,627033442467,https://drive.google.com/file/d/19m8ZHbIC5MXKUc3Wxz2bLaNPR2xB9AXH/view?usp=drivesdk,Absent,"27/9/2026, 12:05:27 pm"
EV26-AK2XFK,"27/9/2026, 11:50:11 am",Workshop (Individual),Embedded System,K Kanishka,kanishka30142@gmail.com,7092708977,Mahendra Engineering College,ECE,I Year,1,N/A,N/A,N/A,300,UPI,PAID,663601639081,https://drive.google.com/file/d/1C3InnX5cozxFHpMicMKL6YAa4yD4I4dx/view?usp=drivesdk,Absent,"27/9/2026, 11:52:45 am"
EV26-E5JHTL,"27/9/2026, 12:11:45 pm",Workshop (Individual),Embedded System,KANNIKA SHREE A,shreekannika386@gmail.com,7904627080,AVS COLLEGE OF ARTS AND SCIENCE OMALUR,,,1,N/A,N/A,N/A,300,UPI,PAID,627088837752,https://drive.google.com/file/d/16aem2wNfSGUXFvhheFdOBlKkqI2Obmes/view?usp=drivesdk,Absent,"27/9/2026, 12:33:25 pm"
EV26-G84X4K,"27/9/2026, 7:23:24 pm",Technical Symposium (Team of 2),TECHPAPER,Naveen S V,naveensv008@gmail.com,87784 04400,Knowlegde Institue of Technology,CSE,I year,2,Rohit Roshan R.A (78069 83157),N/A,N/A,500,UPI,PAID,663424842110,https://drive.google.com/file/d/1kreUOcW6Tmra62LTrl0H6K8ExaKY7sRa/view?usp=drivesdk,Absent,"27/9/2026, 7:28:50 pm"
EV26-LRQ8RA,"28/9/2026, 6:01:55 pm",Workshop (Individual),Embedded System,Harini V,harinivelmurugan1608@gmail.com,8807757014,"Chettinad college of engineering and technology, karur ",IT,II year,1,N/A,N/A,N/A,300,UPI,PAID,627167751304,https://drive.google.com/file/d/1WjVRb95lS86ZHF4yinqJ2lCUaGV3PG8p/view?usp=drivesdk,Absent,"28/9/2026, 6:03:03 pm"
EV26-EXMDJ3,"29/9/2026, 5:34:36 pm",Workshop (Individual),SILICON 2 GDS,K.Nandhini,kn9224469@gmail.com,7397505089,JKKN College of Engineering &. Technology,ECE,III-year,1,N/A,N/A,N/A,300,UPI,PAID,663862321628,https://drive.google.com/file/d/1_XwgVfhDtfW9Kw4t7Qdrj8tgxiQ7PFj1/view?usp=drivesdk,Absent,"29/9/2026, 5:36:50 pm"
EV26-RG8XPP,"29/9/2026, 5:46:00 pm",Workshop (Individual),SILICON 2 GDS,Deepika  R,deepikarajaece@gmail.com,9363972552,J.K.K.N College of Engineering and Technology,ECE,3rd - Year,1,N/A,N/A,N/A,300,UPI,PAID,deepikaraja141007@okicici,https://drive.google.com/file/d/1qMczD52JnXsMbgS_bIz_LH3xVLhMIrHV/view?usp=drivesdk,Absent,"29/9/2026, 6:37:46 pm"
EV26-XHDXM8,"29/9/2026, 7:20:08 pm",Workshop (Individual),SILICON 2 GDS,Punithkumar R,Punithkumarr0988@gmail.com,70109 76492,R P Sarathy institute of technology salem,ECE,II,1,N/A,N/A,N/A,300,UPI,PAID,80193201622,https://drive.google.com/file/d/11muRJYjp_5CkbvTiMGTlYgNOLVCCmSJ9/view?usp=drivesdk,Absent,"29/9/2026, 7:28:37 pm"
EV26-JQG9TR,"29/9/2026, 7:24:46 pm",Workshop (Individual),SILICON 2 GDS,Yuvarani R,yuvaraniravi12@gmail.com,9342553341,R P Sarathy institute of technology salem,ECE,II,1,N/A,N/A,N/A,300,UPI,PAID,986446669046,https://drive.google.com/file/d/1_c9KgLTSnOoT2oQqkifhUSHfIZsA1P_P/view?usp=drivesdk,Absent,"29/9/2026, 7:28:52 pm"
EV26-8BWQBY,"29/9/2026, 7:27:38 pm",Workshop (Individual),SILICON 2 GDS,Thirisha M,thirisham223@gmail.com,:8778435310,R P Sarathy institute of technology salem,ECE,II,1,N/A,N/A,N/A,300,UPI,PAID,986446669046,https://drive.google.com/file/d/1Tl3V-8t6WwNwo7h331G7I5WM2pu8Af5p/view?usp=drivesdk,Absent,"29/9/2026, 7:40:20 pm"
EV26-8SCDT2,"29/9/2026, 8:11:09 pm",Technical Symposium (Team of 3),TECHPAPER,Pandi B,pandiprem174@gmail.com,9003165421,Muthayammmal Engineering College,EEE,II year,3,Nithish U (9363075104),Suriya A (6380215540),N/A,750,UPI,PAID,191323384265,https://drive.google.com/file/d/1gICoWSHjc3d5B0u4-PeYsIhFjj2Okj17/view?usp=drivesdk,Absent,"29/9/2026, 10:39:44 pm"
EV26-W8NFX9,"29/9/2026, 8:50:50 pm",Workshop (Individual),Embedded System,Ruwaidha. A,ruwaidhakadhar05@gmail.com,9789520619,E.G.S Pillay Engineering College,ECE,III,1,N/A,N/A,N/A,300,UPI,PAID,627214440564,https://drive.google.com/file/d/1emP8CXZcew483d_umHeThpyzb_4hf88E/view?usp=drivesdk,Absent,"29/9/2026, 9:16:44 pm"
EV26-WQU5L2,"29/9/2026, 8:50:58 pm",Workshop (Individual),Embedded System,Thenmozhi M,thenmozhimeena1610@gmail.com,8248449591,"EGS Pillay Engineering College, Nagapattinam",ECE,III Year,1,N/A,N/A,N/A,300,UPI,PAID,663892655003,https://drive.google.com/file/d/1BSxItdr7aZQNg4DsCJNIeB4VvzHUfqlo/view?usp=drivesdk,Absent,"29/9/2026, 9:16:21 pm"
EV26-VTRRJ9,"30/9/2026, 10:58:54 am",Workshop (Individual),SILICON 2 GDS,Monisha.B,monibalamurugan254@gmail.com,8248990249,J.k.k.nataraja college of engineering and technology ,ECE,III -year,1,N/A,N/A,N/A,300,UPI,PAID,663930921214,https://drive.google.com/file/d/16RbsEotM2SY2jmPK_0tfOrSxA3HaA3wu/view?usp=drivesdk,Absent,"30/9/2026, 11:13:38 am"
EV26-KY76TH,"30/9/2026, 11:15:02 am",Technical Symposium (Team of 4),TRACKTRON,S Madhan kumar,madhanarul311@gmail.com,9677680806,RVS INSTITUTE OF TECHNOLOGY,MECHANICAL ENGINEERING,II YEAR,4,D HARIKRISHNA (8608035860),S RITHICK SIVA (8015370236),P SOWMIYA (9361467171),1000,UPI,PAID,627334276193,https://drive.google.com/file/d/1Km1ByDmnLXrog9LdkaKvzBGv5cQDv50C/view?usp=drivesdk,Absent,"30/9/2026, 11:17:59 am"
EV26-HKS3EH,"30/9/2026, 3:10:30 pm",Workshop (Individual),SILICON 2 GDS,Nagalakshmi. S,senthilnagalakshmi3@gmail.com,6379624140,JKKN COLLEGE OF ENGINEERING AND TECHNOLOGY,ECE,lll year,1,N/A,N/A,N/A,300,UPI,PAID,130469513420,https://drive.google.com/file/d/11RY072iXqtZ2dO9NdbTkvV0f89FlM-vJ/view?usp=drivesdk,Absent,"30/9/2026, 3:13:33 pm"
EV26-5M49NT,"30/9/2026, 3:18:17 pm",Workshop (Individual),SILICON 2 GDS,Ramya. .P,kpramyaramya7@gmail.com,7418356640,JKKN COLLEGE OF ENGINEERING AND TECHNOLOGY ,ECE ,lll year ,1,N/A,N/A,N/A,300,UPI,PAID,130469969114,https://drive.google.com/file/d/1lqAdg7iFj-sS5PpzKKVhuksW7MSosGoM/view?usp=drivesdk,Absent,"30/9/2026, 3:21:21 pm"
EV26-N8AZPL,"30/9/2026, 4:53:53 pm",Workshop (Individual),Embedded System,Logeshwar S,logeshselvaraj8118@gmail.com,9245814999,Pavaai Engineering College,ECE,II year,1,N/A,N/A,N/A,300,UPI,PAID,165048023581,https://drive.google.com/file/d/1xLpb6rGcOq5RO7AIj3Brc_V-dRLEb4Rj/view?usp=drivesdk,Absent,"30/9/2026, 5:16:54 pm"
EV26-3PZGTC,"30/9/2026, 5:10:22 pm",Workshop (Individual),Virtual Instrumentation,NANDHINI MK,nandy4122007@gmail.com,8116655959,MUTHAYAMMAL ENGINEERING COLLEGE,ECE,II,1,N/A,N/A,N/A,300,UPI,PAID,599705288471,https://drive.google.com/file/d/1RF-ar3H5E1ksxhx5FS8qCuoZeRWCoUii/view?usp=drivesdk,Absent,"30/9/2026, 5:15:46 pm"
EV26-JGPYVP,"30/9/2026, 5:11:56 pm",Workshop (Individual),Embedded System,Kavignan.R,kavingan2008@gmail.com,9566592488,Paavai engineering college ,ECE,II year ,1,N/A,N/A,N/A,300,UPI,PAID,663955356767,https://drive.google.com/file/d/1exrYn4oWYWHs2o9qM_YX8bzYUD6QRRUF/view?usp=drivesdk,Absent,"30/9/2026, 5:12:31 pm"
EV26-UC7EQF,"30/9/2026, 7:28:22 pm",Workshop (Individual),Embedded System,Dharani S,dharani27009@gmail.com,7397027009,Vivekanandha college of engineering for women ,ECE,II year,1,N/A,N/A,N/A,300,UPI,PAID,663968287466,https://drive.google.com/file/d/18xxqML17zH5f06GUVTtPTNzqlV2VqEop/view?usp=drivesdk,Absent,"30/9/2026, 7:29:50 pm"
EV26-7KBMK6,"30/9/2026, 7:29:42 pm",Workshop (Individual),Embedded System,Jamuna A,jamunaaru1709@gmail.com,9150853075,Vivekanandha college of engineering for women,ECE,2nd year,1,N/A,N/A,N/A,300,UPI,PAID,627321730148,https://drive.google.com/file/d/1LWu6mClWerCgWT88EHWGOw4VzpxAR_MS/view?usp=drivesdk,Absent,"30/9/2026, 9:25:37 pm"
EV26-5S4RL6,"30/9/2026, 7:31:45 pm",Workshop (Individual),Embedded System,Divya.G,gdhivya1352006@gmail.com,9384397637,Vivekanadha college of engineering for women,ECE,II YEAR,1,N/A,N/A,N/A,300,UPI,PAID,627344017798,https://drive.google.com/file/d/1rZILz90RnDtZCZY4-sDh5BWYtiUcl4fx/view?usp=drivesdk,Absent,"30/9/2026, 9:24:40 pm"
EV26-3UA77Z,"30/9/2026, 8:04:50 pm",Workshop (Individual),Embedded System,Dheepak C,dheepak481@gmail.com,6385577121,PKIET,ECE,lV year,1,N/A,N/A,N/A,300,UPI,PAID,627303530641,https://drive.google.com/file/d/1CyOiUzslSeiC-Ge3OQ_fVL89Q6Zew0xY/view?usp=drivesdk,Absent,"30/9/2026, 9:20:09 pm"
EV26-5ELEW4,"30/9/2026, 8:23:01 pm",Workshop (Individual),Embedded System,SIVABALAN M,shiva356.nbl@gmail.com,7094832249,Perunthalaivar Kamarajar institute of engineering  & technology ,ECE,IV year,1,N/A,N/A,N/A,300,UPI,PAID,130489691944,https://drive.google.com/file/d/1VSgpSC42kdG3gX_srLa9kD_912w59MZA/view?usp=drivesdk,Absent,"30/9/2026, 8:27:08 pm"
EV26-PRS3PF,"30/9/2026, 8:25:38 pm",Workshop (Individual),Embedded System,SRIRAM M,sriramm21112005@gmail.com,8838498080,PKIET ,ECE,IV,1,N/A,N/A,N/A,300,UPI,PAID,663982387772,https://drive.google.com/file/d/1hYlJRenwqtPfi1FtXgAGXCfsHadFpCyN/view?usp=drivesdk,Absent,"30/9/2026, 8:26:25 pm"
EV26-H9H7FQ,"30/9/2026, 8:33:53 pm",Workshop (Individual),Embedded System,Ramyadhevi R,ramyadhevi123@gmail.com,9952615438,EGS Pillay Engineering collage Nagapattinam,ECE,III year,1,N/A,N/A,N/A,300,UPI,PAID,627384626538,https://drive.google.com/file/d/1VMtHIZmyxuSB-NDZbaLWR2IlVgYC2JT4/view?usp=drivesdk,Absent,"30/9/2026, 9:19:07 pm"
EV26-26DUHL,"30/9/2026, 8:45:44 pm",Workshop (Individual),Embedded System,Samira M,rabickmd390@gmail.com,8015516378,EGS Pillay Engineering College,ECE ,III year,1,N/A,N/A,N/A,300,UPI,PAID,6383109049@upi,https://drive.google.com/file/d/1K-GFP895siYjNkUM0MSSkcYd-gSPjz35/view?usp=drivesdk,Absent,"30/9/2026, 8:46:42 pm"
EV26-5Q86UZ,"30/9/2026, 8:58:24 pm",Workshop (Individual),Embedded System,Santhosh N,santhoshmonicka@gmail.com,9345758383,PKIET,ECE,IV year,1,N/A,N/A,N/A,300,UPI,PAID,627386642036,https://drive.google.com/file/d/1ysDWjGWSc7Ncnq7VMHu7sQ2AWmH8jPrv/view?usp=drivesdk,Absent,"30/9/2026, 9:18:37 pm"
EV26-UVDEZ2,"30/9/2026, 9:06:59 pm",Workshop (Individual),Embedded System,jagadeesh M,jd5847694@gmail.com,9626989737,Paavai engineering college,Ece,||nd year,1,N/A,N/A,N/A,300,UPI,PAID,744924553556,https://drive.google.com/file/d/1eTUKaI1Mw8kNAVXuYlHZnkSZlFiaiMgp/view?usp=drivesdk,Absent,"30/9/2026, 9:17:29 pm"
EV26-KQ6JMM,"30/9/2026, 10:11:47 pm",Workshop (Individual),Embedded System,Pavithra N,pavitharaa436@gmail.com,8015642831,Paavai Engineering college of Autonomous,ECE,II year,1,N/A,N/A,N/A,300,UPI,PAID,130496401817,https://drive.google.com/file/d/1TkftAbdVrQgTUbY-O8MsSpiGl668JpCe/view?usp=drivesdk,Absent,"30/9/2026, 10:49:36 pm"
